server_id,server_name
100,Server 100
101,Server 101
102,Server 102
103,Server 103
104,Server 104
105,Server 105
106,Server 106
107,Server 107
108,Server 108
109,Server 109
110,Server 110
111,Server 111
112,Server 112
113,Server 113
114,Server 114
115,Server 115
116,Server 116
117,Server 117
118,Server 118
119,Server 119
120,Server 120
121,Server 121
122,Server 122
123,Server 123
124,Server 124
125,Server 125
126,Server 126
127,Server 127
128,Server 128
129,Server 129
130,Server 130
131,Server 131
132,Server 132
133,Server 133
134,Server 134
135,Server 135
136,Server 136
137,Server 137
138,Server 138
139,Server 139
140,Server 140
141,Server 141
142,Server 142
143,Server 143
144,Server 144
145,Server 145
146,Server 146
147,Server 147
148,Server 148
149,Server 149